,supplier_id,supplier_password,supplier_password_hashed,supplier_name,owner_name,owner_id
0,S000000001,*lia3xNd^X,40065b70da,超艺传媒有限公司0,杜东,42102319890506857X
1,S000000002,^Us4Znw!1$,437a9d9747,创汇科技有限公司1,马想,450327194508109823
2,S000000003,gu3hzP&e@c,47a6df5366,和泰网络有限公司2,胡兵,35082219370803988X
3,S000000004,j*39!Akth%,99de8f5a2c,雨林木风计算机传媒有限公司3,孙玉英,440883198608012011
4,S000000005,(c^D6hJcN6,f293ffd6e1,迪摩传媒有限公司4,赵晶,360403194510018624
5,S000000006,#UWEsTbYV8,2a472e0511,惠派国际公司网络有限公司5,林健,35030419410621450X
6,S000000007,_nVc9G#l9+,d76c0881cd,群英传媒有限公司6,赵想,61092819590523201X
7,S000000008,K2%t2Gjm*6,aef2dfbbba,诺依曼软件网络有限公司7,兰玉英,370303193302084733
8,S000000009,z1!$J(g^@+,cf9e249bc9,明腾科技有限公司8,欧建华,450304198103257143
9,S000000010,Ikaz!0XyT(,f47cb84e4a,太极网络有限公司9,邓颖,511823198411215782
10,S000000011,$a_dSYRqC3,9e6d521181,恩悌科技有限公司10,王秀云,53032319770907256X
11,S000000012,(3YlRuaR^i,77a9c6e9eb,菊风公司网络有限公司11,刘阳,210200199107300080
12,S000000013,@hFawNuAB2,af292c811b,富罳网络有限公司12,田强,430700199506160220
13,S000000014,G7Px4az9(Y,fc8061bbd0,戴硕电子网络有限公司13,黄丹丹,430524198708084444
14,S000000015,kNr7kTon&!,0f7dc2e9ce,联软信息有限公司14,郭丽丽,430181194902203205
15,S000000016,)DEr0TlP@0,56c6bcd847,双敏电子科技有限公司15,马春梅,532626195704278532
16,S000000017,+L_VOhfk7g,da466c9e06,菊风公司科技有限公司16,朱红,511112193606302122
17,S000000018,^n3^Juu94q,60a759f5cd,浦华众城科技有限公司17,姚涛,210101193512143393
18,S000000019,3q6Ec)v_f!,5c05cd6a97,创联世纪信息有限公司18,邓颖,520624197707276906
19,S000000020,H&938kHbkd,c83684f69f,创联世纪传媒有限公司19,王伟,620821195304219655
20,S000000021,Bmx!p4Ivac,36114374fd,明腾传媒有限公司20,阳明,410222196511123401
21,S000000022,^5K9^oVYmY,46ab912c06,创亿科技有限公司21,齐敏,350205198701175954
22,S000000023,K7J0SEiu@i,f54fc97b7d,超艺信息有限公司22,陈玉珍,659003199501259061
23,S000000024,i4bwXfLo!I,b712fae635,中建创业网络有限公司23,范秀华,130304194405197307
24,S000000025,O+6@$GT$is,6d0a0acb57,双敏电子传媒有限公司24,王秀英,33032720020906913X
25,S000000026,e0RsIu^g_p,699b12d3e3,鸿睿思博科技有限公司25,吴成,361130193701073684
26,S000000027,56MKc+*j*I,71b711aa88,菊风公司传媒有限公司26,谢倩,410825194306308274
27,S000000028,sC&7N47uLQ,a67b786dd0,数字100科技有限公司27,刘荣,140802195007053763
28,S000000029,O!^1aYhZtc,5ee56baced,彩虹网络有限公司28,刘林,469022195905229921
29,S000000030,iQk(7WMn$9,76f78c13c5,太极科技有限公司29,覃阳,500118193509254750
30,S000000031,Z(F0SxF6tk,11fac01e8d,东方峻景网络有限公司30,邵欣,210781198703129663
31,S000000032,&QQ8Mdrc1y,a90725de48,恒聪百汇信息有限公司31,潘梅,231102200212317586
32,S000000033,W2N@Npke(L,7b3961e403,恒聪百汇科技有限公司32,张淑兰,450701195310114486
33,S000000034,e*_C0WJiqR,ca9f37b77b,华远软件信息有限公司33,郝晨,451423199104047164
34,S000000035,*2QUmVE&x4,f22e06fbc8,佳禾网络有限公司34,黄慧,350305200009107256
35,S000000036,**dT5vQdwx,571400f8e4,图龙信息信息有限公司35,施勇,130726199204093897
36,S000000037,)3bvRhHdSp,0821b8b96e,开发区世创网络有限公司36,周桂芳,632701197902198614
37,S000000038,*wDYn6hgL5,1d83161308,易动力科技有限公司37,朱璐,360700194007155469
38,S000000039,lWnB7Piu&R,75ed49c2d1,精芯信息有限公司38,刘淑兰,211301198901227480
39,S000000040,*0LDCh(f+*,be97fd1607,时刻科技有限公司39,周柳,430422199909130781
40,S000000041,@y3+C+hPz^,20d59149db,方正科技网络有限公司40,高建华,210204195202247318
41,S000000042,Ju7HxB7^Y%,4aecae5a46,凌颖信息科技有限公司41,冯楠,652928195402263673
42,S000000043,f(8B1OSh#4,241bc774a0,恒聪百汇网络有限公司42,赵凤英,340701194908289088
43,S000000044,&mFYSdE@8K,282657c0ea,黄石金承科技有限公司43,刘畅,321283199209029233
44,S000000045,&8anZ^xy+f,0ca0433063,信诚致远科技有限公司44,耿玉华,532931194906192879
45,S000000046,)5$EtUItbY,a6c8d20df7,雨林木风计算机科技有限公司45,赵淑华,231282199503099971
46,S000000047,Un2qZygmB$,12878da7fa,易动力信息有限公司46,陈欢,421202197502031515
47,S000000048,)D0Yli+^in,9c275fc4d9,海创传媒有限公司47,傅想,441723196503198112
48,S000000049,2Uq4Oj!Vc#,99bb2a3375,快讯科技有限公司48,连健,411403199307278859
49,S000000050,8^SN1XsR*2,56cad0bc3c,开发区世创科技有限公司49,黄波,140922197708297218
50,S000000051,0^1Pd3zU(l,6a9ae56044,盟新网络有限公司50,朱龙,320303195003187791
51,S000000052,(E+4vENmFl,063032fe98,华泰通安传媒有限公司51,夏静,530700194307221888
52,S000000053,(1B87Zg+xC,df0b2c34ce,天开传媒有限公司52,黄云,653024198305024937
53,S000000054,h&7LV4Prp(,58122919e6,万迅电脑信息有限公司53,王桂香,411503198512279798
54,S000000055,*8#G%zpgYZ,b680738759,联软信息有限公司54,张帆,410225197908071797
55,S000000056,Mz&k_1Qq5O,17fbd6261b,快讯传媒有限公司55,任桂兰,120105196709153525
56,S000000057,mDP4N4pc*h,c018c58dbf,良诺信息有限公司56,李桂花,430611196706251071
57,S000000058,+LV1L#cv*6,d9d80674c6,天益传媒有限公司57,吴秀珍,430527196904203383
58,S000000059,YV+7jSMcg&,e20898779e,易动力信息有限公司58,王丽丽,511722194810050970
59,S000000060,o4hQZN#O)G,a04cfa2fa0,佳禾科技有限公司59,叶凯,440306195002094071
60,S000000061,7&k1W#4rD&,6ca19b26ce,巨奥网络有限公司60,赵玉,370285194709150644
61,S000000062,E@47KoLjq*,9d85131079,联软传媒有限公司61,刘莉,211281197809192395
62,S000000063,qa2(2LKtHn,c72907886f,网新恒天网络有限公司62,刘红,469026200107273564
63,S000000064,!j8HAu#!3*,9413675147,毕博诚传媒有限公司63,李亮,520329198201179420
64,S000000065,l)t6fOk7KB,549b4cb032,数字100网络有限公司64,高颖,460101194302129818
65,S000000066,10tp9Nj4W@,077ae866c5,济南亿次元传媒有限公司65,李建,422822194609065163
66,S000000067,_SF4VWpQ39,6122f2e4c9,网新恒天传媒有限公司66,车芳,141124195407071638
67,S000000068,_72b$P(xY4,4d81c70cb6,群英科技有限公司67,陶桂芳,140181199909196216
68,S000000069,Hmg4QIkKw#,e4edbc0178,襄樊地球村信息有限公司68,丁静,654202197006054641
69,S000000070,%R82Y^izp*,d365087e89,盟新信息有限公司69,张磊,520327199212015351
70,S000000071,F@6V!iFc0Y,c084454dc1,联通时科信息有限公司70,李淑兰,420923196901102872
71,S000000072,3PtP4cauV@,57e8f1dee3,彩虹信息有限公司71,张娟,36110119410102331X
72,S000000073,S^4ANnHqhS,378a0134bd,联通时科科技有限公司72,薛阳,141127196807169929
73,S000000074,svn$4S%q55,445fdfeb02,七喜科技有限公司73,刘杨,440115198009106599
74,S000000075,7&9_SwklGx,2b9187f2b6,时刻传媒有限公司74,陈雷,130131197508077967
75,S000000076,QRfs6TznZ&,8df21586b9,信诚致远科技有限公司75,关建,510923194310125100
76,S000000077,*&1@ZjcyBi,bf67f1fd3d,浦华众城网络有限公司76,曹春梅,410425193311206436
77,S000000078,$CJNZ0CgG8,7131719959,迪摩网络有限公司77,龚丹,210111195408285799
78,S000000079,S5(YGoI0%x,c9f2046f75,万迅电脑网络有限公司78,陈欣,469028197305139946
79,S000000080,v#5(HSw0MV,61dd8fe69c,商软冠联科技有限公司79,张敏,654301194403234051
80,S000000081,&k7LmtWSCJ,4db8e006ba,华成育卓科技有限公司80,李建,320111194906255657
81,S000000082,gjLbtw1e_1,7a8d1c2a27,明腾传媒有限公司81,黄桂花,220283199206047263
82,S000000083,F5VgHY6i&r,bb28306202,彩虹网络有限公司82,葛琴,411528193704141915
83,S000000084,^J8njiVw0p,daee7f0f5b,昊嘉网络有限公司83,刘玉兰,43028119780215429X
84,S000000085,L5KR@WSn!d,37a937d79d,太极网络有限公司84,钟莹,360482197602053493
85,S000000086,_bzfJQv9G5,6510b29c8e,济南亿次元传媒有限公司85,王佳,34120119880409806X
86,S000000087,9q154R$m+T,1ce5088440,和泰网络有限公司86,郑玉,321322193401094161
87,S000000088,^V0Zbff(aL,7ec043c956,凌云网络有限公司87,黄艳,500107198806065079
88,S000000089,uPq8Cp7gZ%,8d0bee710e,快讯网络有限公司88,覃春梅,430981199107076813
89,S000000090,!R(2(IqJ8G,24d55e6702,九方科技有限公司89,哈欢,520500199106148928
90,S000000091,60Cu_Dop$D,12a007e22b,迪摩科技有限公司90,黄瑞,431024193801036050
91,S000000092,lRf9UeWG7(,422b696140,思优科技有限公司91,吴斌,360323196107201313
92,S000000093,z!ZU&2GrNF,5b09e9e3df,双敏电子信息有限公司92,徐帅,510821196910315224
93,S000000094,fA6VVVon4*,8feaa256f4,七喜网络有限公司93,张杰,220106199212129742
94,S000000095,^k3KFflO%J,d4091d714f,商软冠联信息有限公司94,陈鹏,210600194712286765
95,S000000096,)dQ$vOve39,febdb149fb,新宇龙信息科技有限公司95,张辉,623026198703136907
96,S000000097,@I2Fi_zW@B,1421b85470,银嘉科技有限公司96,王玉,131024193710175142
97,S000000098,55IFBp0&%v,f049429cc4,时刻科技有限公司97,蒋辉,140700196510057397
98,S000000099,Ja0RyJvJ^$,168b842563,新格林耐特传媒有限公司98,朱丽,510132195604275275
99,S000000100,+%rXvvsf*1,f8b4fe4661,超艺科技有限公司99,王磊,450329198902249235
