,customer_id,phone_number,password,password_hashed
0,C000000151,15659474174,Z9o8El87!8,6d01fc7925
1,C000000152,15651313269,Z@0Wp_5s+w,aba5c52f54
2,C000000153,18626071124,3cANHEio(_,8e05ac653d
3,C000000154,14597957161,&(9PShsC%4,397cba25d9
4,C000000155,13804667519,W74jXrxA$Q,270020d5f7
5,C000000156,13322593128,2nA*0Xm12O,fe9a5380ff
6,C000000157,18289327840,_#u6$6EhBr,70fb1e9d32
7,C000000158,13119406428,7+0P3Zsq!x,4ca76a5653
8,C000000159,15917759019,Qj7!3BSv^2,36cc428f53
9,C000000160,13768270944,6yziJ*TE&_,ac3b62dd0e
10,C000000161,15053859233,7%4%wHMd9N,a94da416e9
11,C000000162,14705977138,&JFD%3VqC1,4b3bd05cbe
12,C000000163,18941312899,vx3eQ+4m&M,3b1d5e8a7f
13,C000000164,18262134902,^%BcV6uhl8,7fa2503049
14,C000000165,18804566579,q7TA8Sxi+q,a2e8d9e719
15,C000000166,13263317378,+M_7#Ck3UD,a7166b2ae2
16,C000000167,15594989867,_8SAw*edK7,b62672490d
17,C000000168,15376691345,KG02KoYX_C,114b498060
18,C000000169,13752649860,qCS2Kktur&,31879a8d85
19,C000000170,18934653796,$*5WMv7aqm,f152c8d450
20,C000000171,15796258469,LHJ*8a(xG!,cab9f91b65
21,C000000172,13792343560,UF5FJh48(x,025b3565c5
22,C000000173,13773535656,lqkEEAaf$6,b541ce304a
23,C000000174,15697435802,8uD+xb!)@d,65d7afb2f1
24,C000000175,13298400635,88HCe1v0+D,858afe9f90
25,C000000176,15096928315,dgX5REkpK@,f107ac9089
26,C000000177,14548923376,*9L$15$S$y,c802f7c88c
27,C000000178,14539230760,I8(^hi9e#5,0d48490a02
28,C000000179,15391268313,nt4Gdi+ha#,18f5948287
29,C000000180,13925792723,!LjSESH!2y,16d61ead4c
30,C000000181,13494499361,ii1XOCP+s#,5dbe732062
31,C000000182,18553301894,g2WCYDxO)8,18c3867fb4
32,C000000183,13928310455,!EN3LALi%J,75a9447c1d
33,C000000184,13182596284,x)A9Hb#nOz,08857f1e02
34,C000000185,13799580767,kP@U1Hdu_r,9d54bd20e7
35,C000000186,15906334729,m1TbfFqZ&v,53e033a3b4
36,C000000187,13373105229,k6NpgfHaf^,b36ecd7638
37,C000000188,13752518779,n47WZzkV&e,7bd1df3a7e
38,C000000189,18774844412,X)8YqIvjRd,4c756739d3
39,C000000190,15254858580,&!sSEl7y(9,91d35fda19
40,C000000191,14790831296,!8Wx_0r7y4,b27a35b6d7
41,C000000192,15546437443,IlJI30Bl@P,f64693dbcb
42,C000000193,13553516242,^h%6NXsVN6,c5b082c9e3
43,C000000194,14546018800,cY#9ETvOqN,9546d717df
44,C000000195,13844268737,!_O1x@fPy6,e73008dd83
45,C000000196,13447634748,B(&E1vUjdt,020abd6a09
46,C000000197,14593713729,$1Gjn3aLUJ,986603c882
47,C000000198,13503000501,cwLUr(J0!5,ae476d10c3
48,C000000199,18217909422,&Y(VipKB8k,70d63befda
49,C000000200,18680027636,k(v5OyTXt_,eb81a5bf78
